{
    "obstaclePositions": [],
    "carPosition": {
        "x": -26.985443115234376,
        "y": 0.5,
        "z": -25.508033752441408
    },
    "carRotation": {
        "x": 0.0,
        "y": -0.8825202584266663,
        "z": 0.0,
        "w": 0.4702743589878082
    },
    "targetPosition": {
        "x": 35.79999923706055,
        "y": 0.009999999776482582,
        "z": 33.5
    }
}